video_id,video_title,video_one_level_classification,video_two_level_classification_list,video_tag_list,director_list,actor_list,country,language,release_date,storage_time,video_time,score,is_paid,package_id,is_single,is_trailers,supplier,introduction,number_of_plays_in_30_days,number_of_views_within_30_days,number_of_plays_in_14_days,number_of_views_within_14_days,number_of_plays_in_7_days,number_of_views_within_7_days,number_of_plays_in_3_days,number_of_views_within_3_days,abs_of_number_of_days_between_storage_and_current,number_of_times_purchased_within_30_days,number_of_times_purchased_within_14_days,number_of_times_purchased_within_7_days,number_of_times_purchased_within_3_days,number_of_times_purchased_total
261435.0,熊出没之春日对对碰,幼儿,"[励志, 动画, 冒险, 亲子, 宠物]","[可爱, 剧情, 儿童, 幽默, 环保, 国产, 4-6岁, 系列剧, 动画, 14-17岁, 学龄前, 国语, 日常, 7-10岁, 机智, 女孩喜欢, 聪明, 萌系, 启蒙, 冒险, 3D动画, 斗争, 搞笑, 宣传片, 家庭, 童话, 亲子, TV版, 森林, 经典, 轻松, 勇敢, 探险, 家园, 贺岁档, 熊, 男孩喜欢, 灰姑娘, 合家欢, 动漫]","","","",国语,2014-01-01 00:00:00,2014-12-25 23:35:04,780.0,7.4,0.0,NaN,0.0,0.0,爱奇艺,《熊出没之春日对对碰》延续《熊出没》和《熊出没之丛林总动员》轻松搞笑的风格，讲述了两头熊——熊大和熊二和人类——光头强身上发生的保卫森林家园的斗争故事。熊大是熊兄弟中的主心骨，比较聪明，机智，能随机应变，能想点子出主意；熊二性格憨直，懵懂可爱，做事冲动，直线条思维；两熊最大的敌人光头强，是个身材矮小，盗砍盗伐的伐木工。这一部主要描述在春天的森林里，熊大熊二和光头强之间发生的和春天有关的故事，譬如赏花，植树节，花粉症等等，为了阻止光头强破坏森林，保卫自己的家园，以熊大熊二为首的丛林动物们和光头强继续展开保卫森林的斗争。,1388,1369,1388,1369,1388,1369,1388,1369,1946,"","","","",""
290235.0,乡村牧师日记,电影,"[悬疑, 乡村, 悲剧, 剧情, 文艺]","[道德, 绝望, 中成本, 乡村, 法国, 经典, 当代, 剧情片, 原著, 悲剧, 神职人员, 文艺, 高冷, 奋斗, 演员, 英国电影和电视艺术学院奖, 悬疑, 威尼斯电影节, 孤独, 社会问题, 宗教]",[Robert Bresson],"[让·里维尔, 妮可·茂瑞, 克劳德·雷杜]",法国,法语,1951-02-07 00:00:00,2015-01-27 09:29:32,6944.0,7.4,1.0,100201.0,0.0,0.0,爱奇艺,一个青年牧师在日记中向上帝袒露心声。年轻的牧师初到村庄，感受到这里的寒冷和孤苦，他怀着一腔热忱，希望用自己的力量教化众生，令人们更加虔诚，但和村人接触之下他才发现，他们浅薄、功利，有的村民连妻子葬礼都不肯花钱，大多数人根本不关心自己的灵魂是否被拯救，反倒质疑他的献身精神。唯有一位伯爵夫人，因为难以纾解丧子之痛，找来牧师长谈，从而得到开解。但在村子的大环境下，他仍时时感到徒劳无功，他自己的迷茫和痛苦连上帝都解救不了。长期抑郁之下，牧师渐渐吃不下东西，最后发现自己得了胃癌，终于孤独地死去。,"","","","","","","","",1913,"","","","",""
470835.0,陷进爱情与阴谋中的戴安娜,纪录片,"[人物, 历史]","[人物, 历史]","","","","",2011-01-01 00:00:00,2015-03-02 11:23:36,2598.0,7.5,0.0,NaN,0.0,0.0,爱奇艺,一场车祸，平民王妃消香玉殒，是意外还是阴谋？揭秘陷进阴谋中的戴安娜。,"","","","","","","","",1879,"","","","",""
472035.0,机器人外科医生,纪录片,"[探秘, 社会]","[探索, 社会]","","","","","",2015-03-02 11:24:12,1793.0,7.2,0.0,NaN,0.0,0.0,爱奇艺,现代机器人能帮助医生做复杂的内科和心脏手术。,1,1,1,1,1,1,1,1,1879,"","","","",""
473835.0,郑苹如诱杀大汉奸丁默邨,纪录片,"[军事, 人物, 历史]","[人物, 军事, 历史]","","","","",2011-01-01 00:00:00,2015-03-02 11:25:10,2604.0,7.0,0.0,NaN,0.0,0.0,爱奇艺,丁默邨，阴险狡猾的特务头子，郑苹如，一个聪明美丽的女大学生；一场精心设计的温柔暗杀，为何会在最后时刻失败呢？,"","","","","","","","",1879,"","","","",""
475635.0,半个身体的完整女人,纪录片,"[社会, 人物]","[人物, 社会]","","","","","",2015-03-02 11:26:11,2369.0,7.7,0.0,NaN,0.0,0.0,爱奇艺,　　一个因为患有先天疾病的女人从小就被截去了双腿，她把手当成了腿。不仅成了一名出色的汽车机械师，还冒着生命危险生儿育女，同时又担当起了很多正常人都难于应付的责任。,"","","","","","","","",1879,"","","","",""
533235.0,手机惹的祸：揭秘俄史上最大匪首毙命原因,军事,[综合],[战役解析],"","","","",2014-07-04 00:00:00,2015-03-10 07:59:49,215.0,NaN,0.0,NaN,0.0,0.0,爱奇艺,更多高清拉风武器视频请关注爱奇艺军事，点击客户端下“更多”或直接访问爱奇艺网页版军事频道，也可关注爱奇艺军事官方微博，微博没有广告哦！,"","","","","","","","",1871,"","","","",""
597435.0,约旦近日将处死女恐怖分子里沙维,军事,[综合],[中东],"","","","",2015-02-04 00:00:00,2015-03-10 08:34:41,29.0,NaN,0.0,NaN,0.0,0.0,爱奇艺,更多高清拉风武器视频请关注爱奇艺军事，点击客户端下“更多”或直接访问爱奇艺网页版军事频道，也可关注爱奇艺军事官方微博，微博没有广告哦！,"","","","","","","","",1871,"","","","",""
623235.0,骄傲之路：纪念英国皇家海军陆战队成立350周年,军事,[综合],[欧美],"","",欧美,"",2015-01-12 00:00:00,2015-03-10 08:48:40,465.0,NaN,0.0,NaN,0.0,0.0,爱奇艺,"","","","","","","","","",1871,"","","","",""
647835.0,美对台军售出意外 两艘佩里护卫舰或封存,军事,[台海],[台海],"","","","",2014-09-11 00:00:00,2015-03-10 09:03:22,94.0,NaN,0.0,NaN,0.0,0.0,爱奇艺,更多高清拉风武器视频请关注爱奇艺军事，点击客户端下“更多”或直接访问爱奇艺网页版军事频道，也可关注爱奇艺军事官方微博，微博没有广告哦!,"","","","","","","","",1871,"","","","",""
680835.0,"美军 \"鱼鹰\"运输机首次飞至东京首都圈",军事,[综合],[邻边],"","","","",2014-07-17 00:00:00,2015-03-10 09:21:30,31.0,NaN,0.0,NaN,0.0,0.0,爱奇艺,更多高清拉风武器视频请关注爱奇艺军事，点击客户端下“更多”或直接访问爱奇艺网页版军事频道，也可关注爱奇艺军事官方微博，微博没有广告哦！,"","","","","","","","",1871,"","","","",""
704835.0,该怎么吃动物性食物 鱼肉是最好的,健康,[预防],[疾病预防],"","","","",2015-02-09 00:00:00,2015-03-10 09:36:33,690.0,NaN,0.0,NaN,0.0,0.0,爱奇艺,该怎么吃动物性食物 ，鱼肉是最好的,"","","","","","","","",1871,"","","","",""
722235.0,日本着手进行南中国海巡逻 挑衅中国防识区,军事,[综合],[邻边],"","","","",2015-02-12 00:00:00,2015-03-10 09:46:38,174.0,NaN,0.0,NaN,0.0,0.0,爱奇艺,"","","","","","","","","",1871,"","","","",""
730035.0,威震“海王星” 海豹部队击毙本·拉登,军事,[综合],[战役解析],"","","","",2015-01-06 00:00:00,2015-03-10 09:51:00,168.0,NaN,0.0,NaN,0.0,0.0,爱奇艺,"","","","","","","","","",1871,"","","","",""
752835.0,榴莲含糖量最高 西瓜竟最低,健康,[综合],[常识],"","","","",2013-07-26 00:00:00,2015-03-10 10:03:44,82.0,NaN,0.0,NaN,0.0,0.0,爱奇艺,榴莲含糖量最高，西瓜竟最低。,"","","","","","","","",1871,"","","","",""
839235.0,克里米亚将驻轰炸机团：俄或派出图-22,军事,[综合],[欧美],"","",欧美,"",2014-12-15 00:00:00,2015-03-10 10:50:22,267.0,NaN,0.0,NaN,0.0,0.0,爱奇艺,更多高清拉风武器视频请关注爱奇艺军事，点击客户端下“更多”或直接访问爱奇艺网页版军事频道，也可关注爱奇艺军事官方微博，微博没有广告哦!,"","","","","","","","",1871,"","","","",""
848835.0,全数控操作：土耳其阿古斯塔AW-149直升机劲赏,军事,[空军],[空军],"","","","",2014-11-20 00:00:00,2015-03-10 10:55:31,84.0,NaN,0.0,NaN,0.0,0.0,爱奇艺,更多高清拉风武器视频请关注爱奇艺军事，点击客户端下“更多”或直接访问爱奇艺网页版军事频道，也可关注爱奇艺军事官方微博，微博没有广告哦！,"","","","","","","","",1871,"","","","",""
881835.0,健康饮水 喝水须知,健康,[综合],[常识],"","","","",2013-12-21 00:00:00,2015-03-10 11:13:02,33.0,NaN,0.0,NaN,0.0,0.0,爱奇艺,健康饮水 ，喝水须知。,"","","","","","","","",1871,"","","","",""
946035.0,马季老师的案例 生风的因素,健康,[预防],[疾病预防],"","","","",2013-07-20 00:00:00,2015-03-10 11:47:36,345.0,NaN,0.0,NaN,0.0,0.0,爱奇艺,马季老师的案例：生风的因素。,"","","","","","","","",1871,"","","","",""
1037835.0,健康减肥 长期服用减肥药有风险,健康,[综合],[常识],"","","","",2014-01-09 00:00:00,2015-03-10 12:39:20,132.0,NaN,0.0,NaN,0.0,0.0,爱奇艺,健康减肥 长期服用减肥药有风险,"","","","","","","","",1871,"","","","",""
1067235.0,教你自测双脚血管的好坏 建议早发现早治疗,健康,[心脑],[心脑保健],"","","","",2015-01-29 00:00:00,2015-03-10 12:54:45,271.0,NaN,0.0,NaN,0.0,0.0,爱奇艺,教你自测双脚血管的好坏， 专家建议早发现早治疗,"","","","","","","","",1871,"","","","",""
1099035.0,贝瓦儿歌KTV,幼儿,"[动画, 儿歌, 益智, 早教, 亲子, 其他]","[课堂, 教育, 系列剧, 国语, 4-6岁, 朋友, 家庭, 动画, 善良, 习惯养成, 可爱, 唱歌, 儿童, 亲子互动, 欢乐, 跳舞, 0-3岁, 经典, 儿歌, 婴幼儿, 艺术]","","",大陆,国语,2014-10-27 00:00:00,2015-03-10 13:11:56,151.0,7.1,0.0,NaN,0.0,0.0,爱奇艺,集合原唱和伴奏版，经典儿歌学唱最佳课堂。,1,1,1,1,1,1,1,1,1871,"","","","",""
1105035.0,肝吸虫病隐患多 预防疾病少吃鱼虾,健康,[预防],[疾病预防],"","","","",2014-12-04 00:00:00,2015-03-10 13:15:33,179.0,NaN,0.0,NaN,0.0,0.0,爱奇艺,肝吸虫病隐患多 预防疾病少吃鱼虾,"","","","","","","","",1871,"","","","",""
1121835.0,美军机高强度抵近侦察 为摧毁中国雷达做准备,军事,[防务],[防务观察],"","","","",2014-08-27 00:00:00,2015-03-10 13:24:25,382.0,NaN,0.0,NaN,0.0,0.0,爱奇艺,更多高清拉风武器视频请关注爱奇艺军事，点击客户端下“更多”或直接访问爱奇艺网页版军事频道，也可关注爱奇艺军事官方微博，微博没有广告哦!,"","","","","","","","",1871,"","","","",""
1170435.0,空降兵作战遇尴尬 如何才能完成敌后突袭任务,军事,[大陆],[大陆],"","",大陆,"",2014-11-05 00:00:00,2015-03-10 13:50:56,172.0,NaN,0.0,NaN,0.0,0.0,爱奇艺,更多高清拉风武器视频请关注爱奇艺军事，点击客户端下“更多”或直接访问爱奇艺网页版军事频道，也可关注爱奇艺军事官方微博，微博没有广告哦!,"","","","","","","","",1871,"","","","",""
1183635.0,绝对自信：美军公开科幻濒海战斗舰内景,军事,[海军],[海军],"","","","",2014-08-08 00:00:00,2015-03-10 13:57:29,350.0,NaN,0.0,NaN,0.0,0.0,爱奇艺,"","","","","","","","","",1871,"","","","",""
1190835.0,中国维和工兵黎以边境扫雷 开辟安全通道,军事,[大陆],[大陆],"","",大陆,"",2014-12-02 00:00:00,2015-03-10 14:01:05,92.0,NaN,0.0,NaN,0.0,0.0,爱奇艺,更多高清拉风武器视频请关注爱奇艺军事，点击客户端下“更多”或直接访问爱奇艺网页版军事频道，也可关注爱奇艺军事官方微博，微博没有广告哦！,"","","","","","","","",1871,"","","","",""
1198635.0,豆浆搭配豌豆江米 健脾胃,健康,[综合],[常识],"","","","",2014-06-18 00:00:00,2015-03-10 14:05:12,55.0,NaN,0.0,NaN,0.0,0.0,爱奇艺,豆浆搭配豌豆江米 健脾胃,"","","","","","","","",1871,"","","","",""
1250835.0,缅甸地区冲突中流弹落入中方一侧 损毁房屋,军事,[大陆],[大陆],"","",大陆,"",2015-03-15 00:00:00,2015-03-17 13:53:33,52.0,NaN,0.0,NaN,0.0,0.0,爱奇艺,"","","","","","","","","",1864,"","","","",""
1323435.0,美国陆战队侦查狙击手射击画面实拍,军事,[综合],[欧美],"","",欧美,"",2015-04-16 00:00:00,2015-04-16 18:30:13,336.0,NaN,0.0,NaN,0.0,0.0,爱奇艺,更多高清拉风武器视频请关注爱奇艺军事，点击客户端下“更多”或直接访问爱奇艺网页版军事频道，也可关注爱奇艺军事官方微博，微博没有广告哦！,"","","","","","","","",1834,"","","","",""
1327635.0,避孕环能上第二次吗？,健康,[两性],[女性],"","","","",2015-04-18 00:00:00,2015-04-18 17:30:11,54.0,NaN,0.0,NaN,0.0,0.0,爱奇艺,避孕环能上第二次吗？,"","","","","","","","",1832,"","","","",""
1332435.0,笨贼妙探,电影,"[喜剧, 犯罪, 警匪, 家庭, 动作, 惊悚]","[纯爱, 友情, 侦探, 警察局, 中成本, 惊悚片, 蠢贼, 搞笑, 幽默, 人民, 警察, 黑人, 亲情, 盗窃, 卧底, 剧情片, 暧昧, 轻松, 墨西哥, 犯罪片, 都市, 现代, 喜剧片, 动作片, 大盗, 催泪, 震撼]",[莱斯·梅菲尔德],"[彼得·格林纳, 马丁·劳伦斯, David Chappelle, 卢克·威尔逊]",美国,英语,1999-11-18 00:00:00,2015-04-20 23:30:24,5646.0,9.0,1.0,100201.0,0.0,0.0,爱奇艺,叁年前，天才珠宝大盗，麦尔斯罗根在警察围剿，迫於无奈情况下，把刚到手价值二千万美全的钻石藏在一处建筑工地里。不料，麦尔斯在监牢里蹲过叁年之後，第一件事是必须先取回当年放在工地里的钻石，跟着才要开始好好重新做人，却赫然发现叁年前的工地如今已成洛杉矶警察局。这让麦尔斯情何以堪。当下唯一取回钻石的方法就是混入警局里去，麦尔斯苦思许多旁门左道，却一直不得其门而入。於是，他决定采取最终极的招式...,4,4,4,4,4,4,4,4,1830,"","","","",""
1334835.0,古刹钟声,电影,"[军事, 悬疑, 战争, 冒险, 乡村, 现代, 剧情, 励志]","[绝望, 年代戏, 乡村, 战争片, 谍战, 残酷, 军事, 野外生存, 怀旧, 黑白电影, 恐怖片, 励志, 剧情片, 冒险片, 反特, 救援, 大陆, 老电影, 抗日, 悬疑, 现代, 特工, 红色经典, 间谍, 追杀, 震撼]","[朱文顺, 朱文悦]","[李希达, 庞学勤, 田烈]",内地,国语,1958-08-01 00:00:00,2015-04-20 23:32:45,4714.0,8.1,0.0,NaN,0.0,0.0,爱奇艺,抗日战争时期，华北某地。我八路军的一座兵工厂突然发生爆炸，保卫部周部长断定是敌人所为，急令侦察科王科长立即侦办，同时派部队搜索追踪。王科长在搜索途中，发现在一座古庙附近有一具尸体和两把刀，周部长认为古庙里大有文章，他安排王科长以养病为由带虎子进庙侦察，奇怪的是庙里只有一老一小俩和尚。小和尚原本不是哑巴，五年前，庙里香火正旺，突然冲进来一伙匪徒把正在念经的众和尚全杀了，幸存下来的小和尚被害成哑巴。通过日夜侦察，王科长发现这里潜伏着一个极其危险的地下特务组织，他们直接受日本特务机关领导，而且正策划下一步破坏活动。紧急时刻，王科长以检查身体为由，准备回去向上级报告。老和尚暗窃，准备在途中对王科长下手，可是他高兴得太早了。,5,5,5,5,5,5,5,5,1830,"","","","",""
1338435.0,鲜花盛开柳絮儿飘 谨防过敏,健康,[资讯],[资讯],"","","","",2015-04-21 00:00:00,2015-04-21 18:30:39,88.0,NaN,0.0,NaN,0.0,0.0,爱奇艺,鲜花盛开柳絮儿飘 谨防过敏。,"","","","","","","","",1829,"","","","",""
1348635.0,地震避难技巧与自救方法,健康,[急救],[急救知识],"","","","",2015-04-27 00:00:00,2015-04-27 13:30:18,93.0,NaN,0.0,NaN,0.0,0.0,爱奇艺,您知道地震避难技巧与自救方法吗？,"","","","","","","","",1823,"","","","",""
1360035.0,宠物“后事”困扰,健康,[综合],[健康喂养],"","","","",2015-05-03 00:00:00,2015-05-03 13:30:15,467.0,NaN,0.0,NaN,0.0,0.0,爱奇艺,宠物“后事”困扰。,"","","","","","","","",1817,"","","","",""
1361835.0,15岁少女过度减肥致闭经,健康,[资讯],[资讯],"","","","",2015-05-04 00:00:00,2015-05-04 16:30:23,111.0,NaN,0.0,NaN,0.0,0.0,爱奇艺,15岁少女过度减肥致闭经。,"","","","","","","","",1816,"","","","",""
1402035.0,沙特为何突然豪掷70亿美元购买S-400导弹,军事,[国际],[国际],"","","","",2015-05-17 00:00:00,2015-05-17 16:30:36,100.0,NaN,0.0,NaN,0.0,0.0,爱奇艺,"","","","","","","","","",1803,"","","","",""
1403235.0,逗小孩喝酒 两岁男童酒后丧生,健康,[资讯],[资讯],"","","","",2015-05-18 00:00:00,2015-05-18 11:31:11,75.0,NaN,0.0,NaN,0.0,0.0,爱奇艺,逗小孩喝酒，两岁男童酒后丧生。,"","","","","","","","",1802,"","","","",""
1414035.0,【Gymra】告别赘肉5分钟弹力绳训练,健康,[健身],[器械锻炼],"","","","",2015-05-22 00:00:00,2015-05-22 12:31:54,314.0,NaN,0.0,NaN,0.0,0.0,爱奇艺,【Gymra】告别赘肉5分钟弹力绳训练。,"","","","","","","","",1798,"","","","",""
1416435.0,专家支招：冬喝红茶春夏喝绿茶,健康,[综合],[常识],"","","","",2015-05-23 00:00:00,2015-05-23 16:30:50,25.0,NaN,0.0,NaN,0.0,0.0,爱奇艺,专家支招：冬喝红茶春夏喝绿茶。,"","","","","","","","",1797,"","","","",""
1420035.0,中药对精子有无影响,健康,[两性],[男性],"","","","",2015-05-25 00:00:00,2015-05-25 18:32:36,421.0,NaN,0.0,NaN,0.0,0.0,爱奇艺,中药对精子有无影响。,"","","","","","","","",1795,"","","","",""
1426035.0,夏季养生：酸甜食物为宜,健康,[综合],[四季],"","","","",2015-05-28 00:00:00,2015-05-28 14:30:16,275.0,NaN,0.0,NaN,0.0,0.0,爱奇艺,夏季养生：酸甜食物为宜。,"","","","","","","","",1792,"","","","",""
1447635.0,绝密窃听：美军海狼级潜艇生插他国通讯电缆,军事,[大陆],[大陆],"","",大陆,"",2015-06-08 00:00:00,2015-06-08 11:30:18,234.0,NaN,0.0,NaN,0.0,0.0,爱奇艺,"","","","","","","","","",1781,"","","","",""
1496235.0,穴位按摩解决便秘 健康方法清理肠道,健康,[综合],[按摩],"","","","",2015-07-02 00:00:00,2015-07-02 17:30:38,115.0,NaN,0.0,NaN,0.0,0.0,爱奇艺,穴位按摩解决便秘，健康方法清理肠道。,"","","","","","","","",1757,"","","","",""
1556835.0,【演奏】2013年冬番总汇22曲【乐队】,动漫,[综合],"[特别版, ACG, 18岁以上, 日本, 日漫]","","",日本,"",2013-01-01 00:00:00,2015-07-29 01:22:43,NaN,NaN,0.0,NaN,0.0,1.0,"","","","","","","","","","",1730,"","","","",""
1561635.0,平野绫演唱OPED集 Part2,动漫,[综合],"[特别版, 日语, ACG, 日本, 日漫]","","",日本,日语,2013-10-24 00:00:00,2015-07-29 01:25:49,NaN,NaN,0.0,NaN,0.0,1.0,"",sm22103582,"","","","","","","","",1730,"","","","",""
1562835.0,【杏ノ助】ドーナツホール,动漫,[原创],"[特别版, 日语, ACG, 日本, 同人, 日漫]","","",日本,日语,2013-12-20 00:00:00,2015-07-29 01:26:23,NaN,NaN,0.0,NaN,0.0,1.0,"",sm22484201,"","","","","","","","",1730,"","","","",""
1563435.0,【赤ティン】about me,动漫,[原创],"[特别版, 日语, ACG, 18岁以上, 日本, 同人, 日漫]","","",日本,日语,2014-01-16 00:00:00,2015-07-29 01:26:44,NaN,NaN,0.0,NaN,0.0,1.0,"",sm23026644,"","","","","","","","",1730,"","","","",""
1564035.0,【钢琴】ココロキズ【うぃんぐ】,动漫,[原创],"[特别版, 日语, ACG, 日本, 同人, 日漫]","","",日本,日语,2014-01-16 00:00:00,2015-07-29 01:27:05,NaN,NaN,0.0,NaN,0.0,1.0,"",sm23708381,"","","","","","","","",1730,"","","","",""
1565235.0,汉字英雄第2季,综艺,[综合],"[益智, 人物, 国语, 动画, 挑战, 文化, 娱乐, 河南卫视, 竞技, 竞赛, 场景, 比赛, 经典, 热血, 日本, 知识问答]",[马东],[马东],内地,国语,2014-03-14 00:00:00,2015-07-29 01:30:21,5131.0,7.8,1.0,100201.0,0.0,0.0,爱奇艺,《汉字英雄》是由河南卫视和爱奇艺联合打造的一档大型汉字文化节目。第二季依然延用标志性的 “汉字十三宫”，参与度和趣味性升级，由“会写汉字”变为“用好”汉字！初赛阶段，每场有一名“汉字秀才”胜出，10名晋级复赛的选手将面临更加有趣的第二阶段比赛，胜出者进入决赛，角逐这一季的“汉字状元”！,"","","","","","","","",1730,"","","","",""
1565835.0,专家：日对俄追加制裁 为保持美日紧密军事同盟,军事,[综合],[邻边],"","","","",2014-08-07 00:00:00,2015-07-29 01:36:07,97.0,NaN,0.0,NaN,0.0,0.0,爱奇艺,更多高清拉风武器视频请关注爱奇艺军事，点击客户端下“更多”或直接访问爱奇艺网页版军事频道，也可关注爱奇艺军事官方微博，微博没有广告哦！,"","","","","","","","",1730,"","","","",""
1567635.0,辣条生产环境脏 监管部门须“露牙”,健康,[资讯],[资讯],"","","","",2015-03-27 00:00:00,2015-07-29 01:46:08,34.0,NaN,0.0,NaN,0.0,0.0,爱奇艺,辣条生产环境脏，监管部门须“露牙”,"","","","","","","","",1730,"","","","",""
1570035.0,相亲才会赢,综艺,"[情感, 相亲]","[煽情, 爱情, 社会服务, 亲民, 国语, 草根, 节目, 社会, 生活, 相亲, 浙江卫视, 情感, 哲理, 大陆, 民生]",[卫芬],[卫芬],内地,国语,2014-04-04 00:00:00,2015-07-29 02:19:53,1747.0,7.1,0.0,NaN,0.0,0.0,爱奇艺,大型真实相亲节目，节目将为单身男女搭起相识、相知、相恋的鹊桥，男女双方微妙的情感变化以及最终能否牵手的悬念将贯穿节目始终。一大亮点是节目的真实性，相亲主角和应征者都是通过热线电话、短信及现场报名产生。观众不仅能从中体验到这一切，还可以通过各种方式与主人公交流。,3,3,3,3,3,3,3,3,1730,"","","","",""
1573035.0,报告教练 金大川唱歌 低沉嗓音获赞,娱乐,[综艺],"[八卦, 热点, 内地, 新闻, 国语, 综艺]","","",内地,国语,2015-07-31 00:00:00,2015-08-01 14:09:31,126.0,NaN,0.0,NaN,0.0,0.0,爱奇艺,报告教练 金大川唱歌 低沉嗓音获赞,"","","","","","","","",1727,"","","","",""
1573635.0,中央决定给予郭伯雄开除党籍处分,资讯,[国内],[国内],"","",国内,"","",2015-08-01 14:11:02,85.0,NaN,0.0,NaN,0.0,0.0,爱奇艺,"","","","","","","","","",1727,"","","","",""
1574835.0,神秘境界 Balenciaga 2015秋冬男装广告,时尚,"[秋冬, 秀场, 欧美, 服饰]","[广告大片, 巴黎, 秋冬, 服饰, 服装]","","","","",2015-07-29 00:00:00,2015-08-01 14:13:10,61.0,NaN,0.0,NaN,0.0,0.0,爱奇艺,神秘境界 Balenciaga 2015秋冬男装广告,"","","","","","","","",1727,"","","","",""
1575435.0,逾2000非法移民冲击英法海底隧道,资讯,[国际],[国际],"","","","","",2015-08-01 14:14:04,33.0,NaN,0.0,NaN,0.0,0.0,爱奇艺,"","","","","","","","","",1727,"","","","",""
1576635.0,民兵管加油：实拍犹他国民警备队为B-2空中加油,军事,[国际],[国际],"","","","",2015-07-29 00:00:00,2015-08-01 14:15:48,145.0,NaN,0.0,NaN,0.0,0.0,爱奇艺,"","","","","","","","","",1727,"","","","",""
1577235.0,经期如何呵护女性健康？,健康,[两性],[女性],"","","","",2015-07-28 00:00:00,2015-08-01 14:16:39,740.0,NaN,0.0,NaN,0.0,0.0,爱奇艺,经期如何呵护女性健康？,"","","","","","","","",1727,"","","","",""
1579035.0,风湿性心脏病患者日常生活中注意的问题,健康,[常见病],[常见病],"","","","",2015-02-12 00:00:00,2015-08-02 02:30:37,93.0,NaN,0.0,NaN,0.0,0.0,爱奇艺,风湿性心脏病患者日常生活中注意的问题,"","","","","","","","",1726,"","","","",""
1580235.0,法官方称德翼坠机事件或为人为故意导致,军事,[综合],[欧美],"","",欧美,"",2015-03-31 00:00:00,2015-08-02 02:43:30,88.0,NaN,0.0,NaN,0.0,0.0,爱奇艺,"","","","","","","","","",1726,"","","","",""
1580835.0,美渲染中俄轰炸机意在B3,军事,[空军],[空军],"","","","",2014-09-26 00:00:00,2015-08-02 02:48:54,484.0,NaN,0.0,NaN,0.0,0.0,爱奇艺,更多高清拉风武器视频请关注爱奇艺军事，点击客户端下“更多”或直接访问爱奇艺网页版军事频道，也可关注爱奇艺军事官方微博，微博没有广告哦!,"","","","","","","","",1726,"","","","",""
1586235.0,陈柏霖祝福前任生宝宝 还想再当大仁哥！,娱乐,[八卦],"[八卦, 热点, 内地, 新闻, 国语, 明星]","","",内地,国语,2015-08-02 00:00:00,2015-08-03 00:30:06,114.0,NaN,0.0,NaN,0.0,0.0,爱奇艺,陈柏霖祝福前任生宝宝 还想再当大仁哥！,"","","","","","","","",1725,"","","","",""
1586835.0,男子夜晚被车撞村民共救助,资讯,[社会],[社会],"","","","","",2015-08-03 08:30:10,76.0,NaN,0.0,NaN,0.0,0.0,爱奇艺,"","","","","","","","","",1725,"","","","",""
1588035.0,先锋针织 Missoni Mare 2015秋冬女装系列广告,时尚,"[秋冬, 秀场, 欧美, 服饰]","[广告大片, 米兰, 秋冬, 服饰, 服装]","","","","",2015-08-03 00:00:00,2015-08-03 16:32:42,66.0,NaN,0.0,NaN,0.0,0.0,爱奇艺,先锋针织 Missoni Mare 2015秋冬女装系列广告,"","","","","","","","",1725,"","","","",""
1588635.0,蓝色预警：10省份有大到暴雨,资讯,[国内],[国内],"","",国内,"","",2015-08-03 23:30:38,23.0,NaN,0.0,NaN,0.0,0.0,爱奇艺,"","","","","","","","","",1725,"","","","",""
1590435.0,疑似MH370残骸 多国专家闭门商谈,资讯,[国际],[国际],"","","","","",2015-08-04 19:30:08,48.0,NaN,0.0,NaN,0.0,0.0,爱奇艺,"","","","","","","","","",1724,"","","","",""
1591035.0,英国小伙发明迅速起床神器,资讯,[科技],[科技],"","","","","",2015-08-05 09:30:17,38.0,NaN,0.0,NaN,0.0,0.0,爱奇艺,"","","","","","","","","",1723,"","","","",""
1591635.0,英国延长空袭“伊斯兰国”军事行动至2017年,资讯,[国际],[国际],"","","","","",2015-08-05 14:30:34,58.0,NaN,0.0,NaN,0.0,0.0,爱奇艺,"","","","","","","","","",1723,"","","","",""
1592235.0,厨房小妙招之清洗蘑菇有窍门,生活,[综合],"[国内, 国语, 厨艺妙招]","","",国内,国语,2015-08-05 00:00:00,2015-08-05 16:30:12,99.0,NaN,0.0,NaN,0.0,0.0,爱奇艺,厨房小妙招之清洗蘑菇有窍门,"","","","","","","","",1723,"","","","",""
1593435.0,“十一”长假火车票开售热门线路仍紧俏,资讯,[国内],[国内],"","",国内,"","",2015-08-06 10:30:17,75.0,NaN,0.0,NaN,0.0,0.0,爱奇艺,"","","","","","","","","",1722,"","","","",""
1595235.0,柏林一酒店打造25米内嵌电梯巨型水族箱,资讯,[科技],[科技],"","","","","",2015-08-07 09:30:18,52.0,NaN,0.0,NaN,0.0,0.0,爱奇艺,"","","","","","","","","",1721,"","","","",""
1599435.0,特警休假遇窃贼 该出手时就出手,资讯,[社会],[社会],"","","","","",2015-08-10 08:30:14,141.0,NaN,0.0,NaN,0.0,0.0,爱奇艺,"","","","","","","","","",1718,"","","","",""
1603035.0,为拍美景不幸失足落海丧生,资讯,[国际],[国际],"","","","","",2015-08-12 01:33:16,14.0,NaN,0.0,NaN,0.0,0.0,爱奇艺,"","","","","","","","","",1716,"","","","",""
1603635.0,土耳其总统表示坚决打击库尔德工人党武装,资讯,[国际],[国际],"","","","","",2015-08-12 12:30:35,51.0,NaN,0.0,NaN,0.0,0.0,爱奇艺,"","","","","","","","","",1716,"","","","",""
1606035.0,专访张可颐：如何干掉哪些负能量,娱乐,[八卦],"[八卦, 热点, 内地, 新闻, 国语, 明星]","","",内地,国语,2015-07-09 00:00:00,2015-08-13 14:30:59,283.0,NaN,0.0,NaN,0.0,0.0,爱奇艺,专访张可颐：如何干掉哪些负能量,"","","","","","","","",1715,"","","","",""
1606635.0,潘基文称日本应谦虚反省历史 与各国真诚和解,资讯,[国际],"[政治, 和平, 国际]","","","","",2015-08-13 00:00:00,2015-08-13 18:30:45,52.0,NaN,0.0,NaN,0.0,0.0,爱奇艺,针对日本首相安倍晋三将发表战后７０周年谈话，联合国秘书长潘基文１２日通过其发言人表示，希望日本谦虚反省历史，与地区各国迈向更好未来。,"","","","","","","","",1715,"","","","",""
1609035.0,椎名林檎 - 神様、仏様,音乐,"[流行, 日韩]","[单曲MV, 日韩, 流行, 日语]","",[椎名林檎],日韩,日语,2015-08-14 00:00:00,2015-08-14 17:30:36,239.0,NaN,0.0,NaN,0.0,0.0,爱奇艺,椎名林檎 - 神様、仏様,"","","","","","","","",1714,"","","","",""
1612035.0,B1A4 - Sweet Girl - MBC音乐中心 现场版 15/08/15,音乐,"[流行, 日韩]","[日韩, 流行, 韩语, 单曲现场]","",[B1A4],日韩,韩语,2015-08-16 00:00:00,2015-08-16 16:30:14,245.0,NaN,0.0,NaN,0.0,0.0,爱奇艺,B1A4 - Sweet Girl - MBC音乐中心 现场版 15/08/15,"","","","","","","","",1712,"","","","",""
1612635.0,哈齐高铁今天开通运营,资讯,[国内],[国内],"","",国内,"","",2015-08-17 08:30:20,47.0,NaN,0.0,NaN,0.0,0.0,爱奇艺,"","","","","","","","","",1711,"","","","",""
1613235.0,碟中谍系列经典音乐,片花,"[枪战, 电影, 动作, 剧情]","[电影, 剧情, 动作, 枪战, 美国]","","",美国,"","",2015-08-17 12:31:17,NaN,NaN,0.0,NaN,0.0,1.0,"","","","","","","","","","",1711,"","","","",""
1613835.0,2015 YG AUDITION NEXT GENERATION SPOT,音乐,"[流行, 日韩]","[音乐周边, 日韩, 流行, 韩语]","","[WINNER, Ikon]",日韩,韩语,2015-08-21 00:00:00,2015-08-17 16:32:02,65.0,NaN,0.0,NaN,0.0,0.0,爱奇艺,2015 YG AUDITION NEXT GENERATION SPOT,"","","","","","","","",1711,"","","","",""
1614435.0,决不姑息！唐嫣将用法律途径捍卫自己,娱乐,[八卦],"[八卦, 热点, 内地, 新闻, 国语, 明星]","",[唐嫣],内地,国语,2015-08-17 00:00:00,2015-08-17 23:00:06,176.0,NaN,0.0,NaN,0.0,0.0,爱奇艺,决不姑息！唐嫣将用法律途径捍卫自己,"","","","","","","","",1711,"","","","",""
